{
  "main": {
    "id": "1aa1f31343f2e886",
    "type": "split",
    "children": [
      {
        "id": "864eece23cef2781",
        "type": "tabs",
        "children": [
          {
            "id": "76e263d46fa4864e",
            "type": "leaf",
            "state": {
              "type": "empty",
              "state": {}
            }
          },
          {
            "id": "3f87fff87d0cb650",
            "type": "leaf",
            "state": {
              "type": "markdown",
              "state": {
                "file": "testytest.md",
                "mode": "source",
                "source": false
              }
            }
          }
        ],
        "currentTab": 1
      }
    ],
    "direction": "vertical"
  },
  "left": {
    "id": "74019852d86638ec",
    "type": "split",
    "children": [
      {
        "id": "4fba43872f91171c",
        "type": "tabs",
        "children": [
          {
            "id": "01e40c1c20e015ae",
            "type": "leaf",
            "state": {
              "type": "file-explorer",
              "state": {
                "sortOrder": "alphabetical"
              }
            }
          },
          {
            "id": "b2c9465ae7d7ec31",
            "type": "leaf",
            "state": {
              "type": "search",
              "state": {
                "query": "",
                "matchingCase": false,
                "explainSearch": false,
                "collapseAll": false,
                "extraContext": false,
                "sortOrder": "alphabetical"
              }
            }
          },
          {
            "id": "b59ebd4552577437",
            "type": "leaf",
            "state": {
              "type": "bookmarks",
              "state": {}
            }
          }
        ]
      }
    ],
    "direction": "horizontal",
    "width": 300
  },
  "right": {
    "id": "62c7a2428d63fb2c",
    "type": "split",
    "children": [
      {
        "id": "dc52b1a5df1313d5",
        "type": "tabs",
        "children": [
          {
            "id": "efefd407ad1bf3af",
            "type": "leaf",
            "state": {
              "type": "backlink",
              "state": {
                "file": "testytest.md",
                "collapseAll": false,
                "extraContext": false,
                "sortOrder": "alphabetical",
                "showSearch": false,
                "searchQuery": "",
                "backlinkCollapsed": false,
                "unlinkedCollapsed": true
              }
            }
          },
          {
            "id": "a327e0ef362e0ad7",
            "type": "leaf",
            "state": {
              "type": "outgoing-link",
              "state": {
                "file": "testytest.md",
                "linksCollapsed": false,
                "unlinkedCollapsed": true
              }
            }
          },
          {
            "id": "360fd7dc09f6ba5b",
            "type": "leaf",
            "state": {
              "type": "tag",
              "state": {
                "sortOrder": "frequency",
                "useHierarchy": true
              }
            }
          },
          {
            "id": "4c93d3002d812a74",
            "type": "leaf",
            "state": {
              "type": "outline",
              "state": {
                "file": "testytest.md"
              }
            }
          }
        ]
      }
    ],
    "direction": "horizontal",
    "width": 300,
    "collapsed": true
  },
  "left-ribbon": {
    "hiddenItems": {
      "switcher:Open quick switcher": false,
      "graph:Open graph view": false,
      "canvas:Create new canvas": false,
      "daily-notes:Open today's daily note": false,
      "templates:Insert template": false,
      "command-palette:Open command palette": false,
      "obsidian-markbase:Sync all Markbase projects": false
    }
  },
  "active": "3f87fff87d0cb650",
  "lastOpenFiles": [
    "testytest.md"
  ]
}